<?xml version="1.0" encoding="UTF-8"?>
<hibernate-configuration>
<session-factory>

<property name="connection.driver_class">com.mysql.cj.jdbc.Driver</property>

<property name="connection.url">jdbc:mysql://localhost:3306/glcaplay</property>
<!--  <property name="connection.url">jdbc:mysql://localhost:3306/crud_operation</property> -->
<property name="connection.username">root</property>

<!--   <property name="connection.password">root</property> -->
<property name="connection.password">root</property>

<property name="connection.pool_size">1</property>

<property name="dialect">org.hibernate.dialect.MySQL8Dialect</property>

<property name="show_sql">true</property>

<property name="current_session_context_class">thread</property>
<property name="hibernate.hbm2ddl.auto">update</property>

<!--   <mapping class="com.gl.test.Teacher"/> -->
<!--   <mapping class="entity.Teacher"/> -->
</session-factory>
</hibernate-configuration>
